video_id,class,user_id
01AcontecerSinalizador01-1.mp4,Acontecer,Sinalizador01
01AcontecerSinalizador01-2.mp4,Acontecer,Sinalizador01
01AcontecerSinalizador01-3.mp4,Acontecer,Sinalizador01
01AcontecerSinalizador01-4.mp4,Acontecer,Sinalizador01
01AcontecerSinalizador01-5.mp4,Acontecer,Sinalizador01
01AcontecerSinalizador02-1.mp4,Acontecer,Sinalizador02
01AcontecerSinalizador02-2.mp4,Acontecer,Sinalizador02
01AcontecerSinalizador02-3.mp4,Acontecer,Sinalizador02
01AcontecerSinalizador02-4.mp4,Acontecer,Sinalizador02
01AcontecerSinalizador02-5.mp4,Acontecer,Sinalizador02
01AcontecerSinalizador05-1.mp4,Acontecer,Sinalizador05
01AcontecerSinalizador05-2.mp4,Acontecer,Sinalizador05
01AcontecerSinalizador05-3.mp4,Acontecer,Sinalizador05
01AcontecerSinalizador05-4.mp4,Acontecer,Sinalizador05
01AcontecerSinalizador05-5.mp4,Acontecer,Sinalizador05
01AcontecerSinalizador06-1.mp4,Acontecer,Sinalizador06
01AcontecerSinalizador06-2.mp4,Acontecer,Sinalizador06
01AcontecerSinalizador06-3.mp4,Acontecer,Sinalizador06
01AcontecerSinalizador06-4.mp4,Acontecer,Sinalizador06
01AcontecerSinalizador06-5.mp4,Acontecer,Sinalizador06
01AcontecerSinalizador08-1.mp4,Acontecer,Sinalizador08
01AcontecerSinalizador08-2.mp4,Acontecer,Sinalizador08
01AcontecerSinalizador08-3.mp4,Acontecer,Sinalizador08
01AcontecerSinalizador08-4.mp4,Acontecer,Sinalizador08
01AcontecerSinalizador08-5.mp4,Acontecer,Sinalizador08
01AcontecerSinalizador10-1.mp4,Acontecer,Sinalizador10
01AcontecerSinalizador10-2.mp4,Acontecer,Sinalizador10
01AcontecerSinalizador10-3.mp4,Acontecer,Sinalizador10
01AcontecerSinalizador10-4.mp4,Acontecer,Sinalizador10
01AcontecerSinalizador10-5.mp4,Acontecer,Sinalizador10
01AcontecerSinalizador11-1.mp4,Acontecer,Sinalizador11
01AcontecerSinalizador11-2.mp4,Acontecer,Sinalizador11
01AcontecerSinalizador11-3.mp4,Acontecer,Sinalizador11
01AcontecerSinalizador11-4.mp4,Acontecer,Sinalizador11
01AcontecerSinalizador11-5.mp4,Acontecer,Sinalizador11
01AcontecerSinalizador12-1.mp4,Acontecer,Sinalizador12
01AcontecerSinalizador12-2.mp4,Acontecer,Sinalizador12
01AcontecerSinalizador12-3.mp4,Acontecer,Sinalizador12
01AcontecerSinalizador12-4.mp4,Acontecer,Sinalizador12
01AcontecerSinalizador12-5.mp4,Acontecer,Sinalizador12
02AlunoSinalizador01-1.mp4,Aluno,Sinalizador01
02AlunoSinalizador01-2.mp4,Aluno,Sinalizador01
02AlunoSinalizador01-3.mp4,Aluno,Sinalizador01
02AlunoSinalizador01-4.mp4,Aluno,Sinalizador01
02AlunoSinalizador01-5.mp4,Aluno,Sinalizador01
02AlunoSinalizador02-1.mp4,Aluno,Sinalizador02
02AlunoSinalizador02-2.mp4,Aluno,Sinalizador02
02AlunoSinalizador02-3.mp4,Aluno,Sinalizador02
02AlunoSinalizador02-4.mp4,Aluno,Sinalizador02
02AlunoSinalizador02-5.mp4,Aluno,Sinalizador02
02AlunoSinalizador05-1.mp4,Aluno,Sinalizador05
02AlunoSinalizador05-2.mp4,Aluno,Sinalizador05
02AlunoSinalizador05-3.mp4,Aluno,Sinalizador05
02AlunoSinalizador05-4.mp4,Aluno,Sinalizador05
02AlunoSinalizador05-5.mp4,Aluno,Sinalizador05
02AlunoSinalizador06-1.mp4,Aluno,Sinalizador06
02AlunoSinalizador06-2.mp4,Aluno,Sinalizador06
02AlunoSinalizador06-3.mp4,Aluno,Sinalizador06
02AlunoSinalizador06-4.mp4,Aluno,Sinalizador06
02AlunoSinalizador06-5.mp4,Aluno,Sinalizador06
02AlunoSinalizador08-1.mp4,Aluno,Sinalizador08
02AlunoSinalizador08-2.mp4,Aluno,Sinalizador08
02AlunoSinalizador08-3.mp4,Aluno,Sinalizador08
02AlunoSinalizador08-4.mp4,Aluno,Sinalizador08
02AlunoSinalizador08-5.mp4,Aluno,Sinalizador08
02AlunoSinalizador10-1.mp4,Aluno,Sinalizador10
02AlunoSinalizador10-2.mp4,Aluno,Sinalizador10
02AlunoSinalizador10-3.mp4,Aluno,Sinalizador10
02AlunoSinalizador10-4.mp4,Aluno,Sinalizador10
02AlunoSinalizador10-5.mp4,Aluno,Sinalizador10
02AlunoSinalizador11-1.mp4,Aluno,Sinalizador11
02AlunoSinalizador11-2.mp4,Aluno,Sinalizador11
02AlunoSinalizador11-3.mp4,Aluno,Sinalizador11
02AlunoSinalizador11-4.mp4,Aluno,Sinalizador11
02AlunoSinalizador11-5.mp4,Aluno,Sinalizador11
02AlunoSinalizador12-1.mp4,Aluno,Sinalizador12
02AlunoSinalizador12-2.mp4,Aluno,Sinalizador12
02AlunoSinalizador12-3.mp4,Aluno,Sinalizador12
02AlunoSinalizador12-4.mp4,Aluno,Sinalizador12
02AlunoSinalizador12-5.mp4,Aluno,Sinalizador12
03AmareloSinalizador01-1.mp4,Amarelo,Sinalizador01
03AmareloSinalizador01-2.mp4,Amarelo,Sinalizador01
03AmareloSinalizador01-3.mp4,Amarelo,Sinalizador01
03AmareloSinalizador01-4.mp4,Amarelo,Sinalizador01
03AmareloSinalizador01-5.mp4,Amarelo,Sinalizador01
03AmareloSinalizador02-1.mp4,Amarelo,Sinalizador02
03AmareloSinalizador02-2.mp4,Amarelo,Sinalizador02
03AmareloSinalizador02-3.mp4,Amarelo,Sinalizador02
03AmareloSinalizador02-4.mp4,Amarelo,Sinalizador02
03AmareloSinalizador02-5.mp4,Amarelo,Sinalizador02
03AmareloSinalizador05-1.mp4,Amarelo,Sinalizador05
03AmareloSinalizador05-2.mp4,Amarelo,Sinalizador05
03AmareloSinalizador05-3.mp4,Amarelo,Sinalizador05
03AmareloSinalizador05-4.mp4,Amarelo,Sinalizador05
03AmareloSinalizador05-5.mp4,Amarelo,Sinalizador05
03AmareloSinalizador06-1.mp4,Amarelo,Sinalizador06
03AmareloSinalizador06-2.mp4,Amarelo,Sinalizador06
03AmareloSinalizador06-3.mp4,Amarelo,Sinalizador06
03AmareloSinalizador06-4.mp4,Amarelo,Sinalizador06
03AmareloSinalizador06-5.mp4,Amarelo,Sinalizador06
03AmareloSinalizador08-1.mp4,Amarelo,Sinalizador08
03AmareloSinalizador08-2.mp4,Amarelo,Sinalizador08
03AmareloSinalizador08-3.mp4,Amarelo,Sinalizador08
03AmareloSinalizador08-4.mp4,Amarelo,Sinalizador08
03AmareloSinalizador08-5.mp4,Amarelo,Sinalizador08
03AmareloSinalizador10-1.mp4,Amarelo,Sinalizador10
03AmareloSinalizador10-2.mp4,Amarelo,Sinalizador10
03AmareloSinalizador10-3.mp4,Amarelo,Sinalizador10
03AmareloSinalizador10-4.mp4,Amarelo,Sinalizador10
03AmareloSinalizador10-5.mp4,Amarelo,Sinalizador10
03AmareloSinalizador11-1.mp4,Amarelo,Sinalizador11
03AmareloSinalizador11-2.mp4,Amarelo,Sinalizador11
03AmareloSinalizador11-3.mp4,Amarelo,Sinalizador11
03AmareloSinalizador11-4.mp4,Amarelo,Sinalizador11
03AmareloSinalizador11-5.mp4,Amarelo,Sinalizador11
03AmareloSinalizador12-1.mp4,Amarelo,Sinalizador12
03AmareloSinalizador12-2.mp4,Amarelo,Sinalizador12
03AmareloSinalizador12-3.mp4,Amarelo,Sinalizador12
03AmareloSinalizador12-4.mp4,Amarelo,Sinalizador12
03AmareloSinalizador12-5.mp4,Amarelo,Sinalizador12
04AmericaSinalizador01-1.mp4,America,Sinalizador01
04AmericaSinalizador01-2.mp4,America,Sinalizador01
04AmericaSinalizador01-3.mp4,America,Sinalizador01
04AmericaSinalizador01-4.mp4,America,Sinalizador01
04AmericaSinalizador01-5.mp4,America,Sinalizador01
04AmericaSinalizador02-1.mp4,America,Sinalizador02
04AmericaSinalizador02-2.mp4,America,Sinalizador02
04AmericaSinalizador02-3.mp4,America,Sinalizador02
04AmericaSinalizador02-4.mp4,America,Sinalizador02
04AmericaSinalizador02-5.mp4,America,Sinalizador02
04AmericaSinalizador05-1.mp4,America,Sinalizador05
04AmericaSinalizador05-2.mp4,America,Sinalizador05
04AmericaSinalizador05-3.mp4,America,Sinalizador05
04AmericaSinalizador05-4.mp4,America,Sinalizador05
04AmericaSinalizador05-5.mp4,America,Sinalizador05
04AmericaSinalizador06-1.mp4,America,Sinalizador06
04AmericaSinalizador06-2.mp4,America,Sinalizador06
04AmericaSinalizador06-3.mp4,America,Sinalizador06
04AmericaSinalizador06-4.mp4,America,Sinalizador06
04AmericaSinalizador06-5.mp4,America,Sinalizador06
04AmericaSinalizador08-1.mp4,America,Sinalizador08
04AmericaSinalizador08-2.mp4,America,Sinalizador08
04AmericaSinalizador08-3.mp4,America,Sinalizador08
04AmericaSinalizador08-4.mp4,America,Sinalizador08
04AmericaSinalizador08-5.mp4,America,Sinalizador08
04AmericaSinalizador10-1.mp4,America,Sinalizador10
04AmericaSinalizador10-2.mp4,America,Sinalizador10
04AmericaSinalizador10-3.mp4,America,Sinalizador10
04AmericaSinalizador10-4.mp4,America,Sinalizador10
04AmericaSinalizador10-5.mp4,America,Sinalizador10
04AmericaSinalizador11-1.mp4,America,Sinalizador11
04AmericaSinalizador11-2.mp4,America,Sinalizador11
04AmericaSinalizador11-3.mp4,America,Sinalizador11
04AmericaSinalizador11-4.mp4,America,Sinalizador11
04AmericaSinalizador11-5.mp4,America,Sinalizador11
04AmericaSinalizador12-1.mp4,America,Sinalizador12
04AmericaSinalizador12-2.mp4,America,Sinalizador12
04AmericaSinalizador12-3.mp4,America,Sinalizador12
04AmericaSinalizador12-4.mp4,America,Sinalizador12
04AmericaSinalizador12-5.mp4,America,Sinalizador12
05AproveitarSinalizador01-1.mp4,Aproveitar,Sinalizador01
05AproveitarSinalizador01-2.mp4,Aproveitar,Sinalizador01
05AproveitarSinalizador01-3.mp4,Aproveitar,Sinalizador01
05AproveitarSinalizador01-4.mp4,Aproveitar,Sinalizador01
05AproveitarSinalizador01-5.mp4,Aproveitar,Sinalizador01
05AproveitarSinalizador02-1.mp4,Aproveitar,Sinalizador02
05AproveitarSinalizador02-2.mp4,Aproveitar,Sinalizador02
05AproveitarSinalizador02-3.mp4,Aproveitar,Sinalizador02
05AproveitarSinalizador02-4.mp4,Aproveitar,Sinalizador02
05AproveitarSinalizador02-5.mp4,Aproveitar,Sinalizador02
05AproveitarSinalizador05-1.mp4,Aproveitar,Sinalizador05
05AproveitarSinalizador05-2.mp4,Aproveitar,Sinalizador05
05AproveitarSinalizador05-3.mp4,Aproveitar,Sinalizador05
05AproveitarSinalizador05-4.mp4,Aproveitar,Sinalizador05
05AproveitarSinalizador05-5.mp4,Aproveitar,Sinalizador05
05AproveitarSinalizador06-1.mp4,Aproveitar,Sinalizador06
05AproveitarSinalizador06-2.mp4,Aproveitar,Sinalizador06
05AproveitarSinalizador06-3.mp4,Aproveitar,Sinalizador06
05AproveitarSinalizador06-4.mp4,Aproveitar,Sinalizador06
05AproveitarSinalizador06-5.mp4,Aproveitar,Sinalizador06
05AproveitarSinalizador08-1.mp4,Aproveitar,Sinalizador08
05AproveitarSinalizador08-2.mp4,Aproveitar,Sinalizador08
05AproveitarSinalizador08-3.mp4,Aproveitar,Sinalizador08
05AproveitarSinalizador08-4.mp4,Aproveitar,Sinalizador08
05AproveitarSinalizador08-5.mp4,Aproveitar,Sinalizador08
05AproveitarSinalizador10-1.mp4,Aproveitar,Sinalizador10
05AproveitarSinalizador10-2.mp4,Aproveitar,Sinalizador10
05AproveitarSinalizador10-3.mp4,Aproveitar,Sinalizador10
05AproveitarSinalizador10-4.mp4,Aproveitar,Sinalizador10
05AproveitarSinalizador10-5.mp4,Aproveitar,Sinalizador10
05AproveitarSinalizador11-1.mp4,Aproveitar,Sinalizador11
05AproveitarSinalizador11-2.mp4,Aproveitar,Sinalizador11
05AproveitarSinalizador11-3.mp4,Aproveitar,Sinalizador11
05AproveitarSinalizador11-4.mp4,Aproveitar,Sinalizador11
05AproveitarSinalizador11-5.mp4,Aproveitar,Sinalizador11
05AproveitarSinalizador12-1.mp4,Aproveitar,Sinalizador12
05AproveitarSinalizador12-2.mp4,Aproveitar,Sinalizador12
05AproveitarSinalizador12-3.mp4,Aproveitar,Sinalizador12
05AproveitarSinalizador12-4.mp4,Aproveitar,Sinalizador12
05AproveitarSinalizador12-5.mp4,Aproveitar,Sinalizador12
06BalaSinalizador01-1.mp4,Bala,Sinalizador01
06BalaSinalizador01-2.mp4,Bala,Sinalizador01
06BalaSinalizador01-3.mp4,Bala,Sinalizador01
06BalaSinalizador01-4.mp4,Bala,Sinalizador01
06BalaSinalizador01-5.mp4,Bala,Sinalizador01
06BalaSinalizador02-1.mp4,Bala,Sinalizador02
06BalaSinalizador02-2.mp4,Bala,Sinalizador02
06BalaSinalizador02-3.mp4,Bala,Sinalizador02
06BalaSinalizador02-4.mp4,Bala,Sinalizador02
06BalaSinalizador02-5.mp4,Bala,Sinalizador02
06BalaSinalizador05-1.mp4,Bala,Sinalizador05
06BalaSinalizador05-2.mp4,Bala,Sinalizador05
06BalaSinalizador05-3.mp4,Bala,Sinalizador05
06BalaSinalizador05-4.mp4,Bala,Sinalizador05
06BalaSinalizador05-5.mp4,Bala,Sinalizador05
06BalaSinalizador06-1.mp4,Bala,Sinalizador06
06BalaSinalizador06-2.mp4,Bala,Sinalizador06
06BalaSinalizador06-3.mp4,Bala,Sinalizador06
06BalaSinalizador06-4.mp4,Bala,Sinalizador06
06BalaSinalizador06-5.mp4,Bala,Sinalizador06
06BalaSinalizador08-1.mp4,Bala,Sinalizador08
06BalaSinalizador08-2.mp4,Bala,Sinalizador08
06BalaSinalizador08-3.mp4,Bala,Sinalizador08
06BalaSinalizador08-4.mp4,Bala,Sinalizador08
06BalaSinalizador08-5.mp4,Bala,Sinalizador08
06BalaSinalizador10-1.mp4,Bala,Sinalizador10
06BalaSinalizador10-2.mp4,Bala,Sinalizador10
06BalaSinalizador10-3.mp4,Bala,Sinalizador10
06BalaSinalizador10-4.mp4,Bala,Sinalizador10
06BalaSinalizador10-5.mp4,Bala,Sinalizador10
06BalaSinalizador11-1.mp4,Bala,Sinalizador11
06BalaSinalizador11-2.mp4,Bala,Sinalizador11
06BalaSinalizador11-3.mp4,Bala,Sinalizador11
06BalaSinalizador11-4.mp4,Bala,Sinalizador11
06BalaSinalizador11-5.mp4,Bala,Sinalizador11
06BalaSinalizador12-1.mp4,Bala,Sinalizador12
06BalaSinalizador12-2.mp4,Bala,Sinalizador12
06BalaSinalizador12-3.mp4,Bala,Sinalizador12
06BalaSinalizador12-4.mp4,Bala,Sinalizador12
06BalaSinalizador12-5.mp4,Bala,Sinalizador12
07BancoSinalizador01-1.mp4,Banco,Sinalizador01
07BancoSinalizador01-2.mp4,Banco,Sinalizador01
07BancoSinalizador01-3.mp4,Banco,Sinalizador01
07BancoSinalizador01-4.mp4,Banco,Sinalizador01
07BancoSinalizador01-5.mp4,Banco,Sinalizador01
07BancoSinalizador02-1.mp4,Banco,Sinalizador02
07BancoSinalizador02-2.mp4,Banco,Sinalizador02
07BancoSinalizador02-3.mp4,Banco,Sinalizador02
07BancoSinalizador02-4.mp4,Banco,Sinalizador02
07BancoSinalizador02-5.mp4,Banco,Sinalizador02
07BancoSinalizador05-1.mp4,Banco,Sinalizador05
07BancoSinalizador05-2.mp4,Banco,Sinalizador05
07BancoSinalizador05-3.mp4,Banco,Sinalizador05
07BancoSinalizador05-4.mp4,Banco,Sinalizador05
07BancoSinalizador05-5.mp4,Banco,Sinalizador05
07BancoSinalizador06-1.mp4,Banco,Sinalizador06
07BancoSinalizador06-2.mp4,Banco,Sinalizador06
07BancoSinalizador06-3.mp4,Banco,Sinalizador06
07BancoSinalizador06-4.mp4,Banco,Sinalizador06
07BancoSinalizador06-5.mp4,Banco,Sinalizador06
07BancoSinalizador08-1.mp4,Banco,Sinalizador08
07BancoSinalizador08-2.mp4,Banco,Sinalizador08
07BancoSinalizador08-3.mp4,Banco,Sinalizador08
07BancoSinalizador08-4.mp4,Banco,Sinalizador08
07BancoSinalizador08-5.mp4,Banco,Sinalizador08
07BancoSinalizador10-1.mp4,Banco,Sinalizador10
07BancoSinalizador10-2.mp4,Banco,Sinalizador10
07BancoSinalizador10-3.mp4,Banco,Sinalizador10
07BancoSinalizador10-4.mp4,Banco,Sinalizador10
07BancoSinalizador10-5.mp4,Banco,Sinalizador10
07BancoSinalizador11-1.mp4,Banco,Sinalizador11
07BancoSinalizador11-2.mp4,Banco,Sinalizador11
07BancoSinalizador11-3.mp4,Banco,Sinalizador11
07BancoSinalizador11-4.mp4,Banco,Sinalizador11
07BancoSinalizador11-5.mp4,Banco,Sinalizador11
07BancoSinalizador12-1.mp4,Banco,Sinalizador12
07BancoSinalizador12-2.mp4,Banco,Sinalizador12
07BancoSinalizador12-3.mp4,Banco,Sinalizador12
07BancoSinalizador12-4.mp4,Banco,Sinalizador12
07BancoSinalizador12-5.mp4,Banco,Sinalizador12
08BanheiroSinalizador01-1.mp4,Banheiro,Sinalizador01
08BanheiroSinalizador01-2.mp4,Banheiro,Sinalizador01
08BanheiroSinalizador01-3.mp4,Banheiro,Sinalizador01
08BanheiroSinalizador01-4.mp4,Banheiro,Sinalizador01
08BanheiroSinalizador01-5.mp4,Banheiro,Sinalizador01
08BanheiroSinalizador02-1.mp4,Banheiro,Sinalizador02
08BanheiroSinalizador02-2.mp4,Banheiro,Sinalizador02
08BanheiroSinalizador02-3.mp4,Banheiro,Sinalizador02
08BanheiroSinalizador02-4.mp4,Banheiro,Sinalizador02
08BanheiroSinalizador02-5.mp4,Banheiro,Sinalizador02
08BanheiroSinalizador05-1.mp4,Banheiro,Sinalizador05
08BanheiroSinalizador05-2.mp4,Banheiro,Sinalizador05
08BanheiroSinalizador05-3.mp4,Banheiro,Sinalizador05
08BanheiroSinalizador05-4.mp4,Banheiro,Sinalizador05
08BanheiroSinalizador05-5.mp4,Banheiro,Sinalizador05
08BanheiroSinalizador06-1.mp4,Banheiro,Sinalizador06
08BanheiroSinalizador06-2.mp4,Banheiro,Sinalizador06
08BanheiroSinalizador06-3.mp4,Banheiro,Sinalizador06
08BanheiroSinalizador06-4.mp4,Banheiro,Sinalizador06
08BanheiroSinalizador06-5.mp4,Banheiro,Sinalizador06
08BanheiroSinalizador08-1.mp4,Banheiro,Sinalizador08
08BanheiroSinalizador08-2.mp4,Banheiro,Sinalizador08
08BanheiroSinalizador08-3.mp4,Banheiro,Sinalizador08
08BanheiroSinalizador08-4.mp4,Banheiro,Sinalizador08
08BanheiroSinalizador08-5.mp4,Banheiro,Sinalizador08
08BanheiroSinalizador10-1.mp4,Banheiro,Sinalizador10
08BanheiroSinalizador10-2.mp4,Banheiro,Sinalizador10
08BanheiroSinalizador10-3.mp4,Banheiro,Sinalizador10
08BanheiroSinalizador10-4.mp4,Banheiro,Sinalizador10
08BanheiroSinalizador10-5.mp4,Banheiro,Sinalizador10
08BanheiroSinalizador11-1.mp4,Banheiro,Sinalizador11
08BanheiroSinalizador11-2.mp4,Banheiro,Sinalizador11
08BanheiroSinalizador11-3.mp4,Banheiro,Sinalizador11
08BanheiroSinalizador11-4.mp4,Banheiro,Sinalizador11
08BanheiroSinalizador11-5.mp4,Banheiro,Sinalizador11
08BanheiroSinalizador12-1.mp4,Banheiro,Sinalizador12
08BanheiroSinalizador12-2.mp4,Banheiro,Sinalizador12
08BanheiroSinalizador12-3.mp4,Banheiro,Sinalizador12
08BanheiroSinalizador12-4.mp4,Banheiro,Sinalizador12
08BanheiroSinalizador12-5.mp4,Banheiro,Sinalizador12
09BarulhoSinalizador01-1.mp4,Barulho,Sinalizador01
09BarulhoSinalizador01-2.mp4,Barulho,Sinalizador01
09BarulhoSinalizador01-3.mp4,Barulho,Sinalizador01
09BarulhoSinalizador01-4.mp4,Barulho,Sinalizador01
09BarulhoSinalizador01-5.mp4,Barulho,Sinalizador01
09BarulhoSinalizador02-1.mp4,Barulho,Sinalizador02
09BarulhoSinalizador02-2.mp4,Barulho,Sinalizador02
09BarulhoSinalizador02-3.mp4,Barulho,Sinalizador02
09BarulhoSinalizador02-4.mp4,Barulho,Sinalizador02
09BarulhoSinalizador02-5.mp4,Barulho,Sinalizador02
09BarulhoSinalizador05-1.mp4,Barulho,Sinalizador05
09BarulhoSinalizador05-2.mp4,Barulho,Sinalizador05
09BarulhoSinalizador05-3.mp4,Barulho,Sinalizador05
09BarulhoSinalizador05-4.mp4,Barulho,Sinalizador05
09BarulhoSinalizador05-5.mp4,Barulho,Sinalizador05
09BarulhoSinalizador06-1.mp4,Barulho,Sinalizador06
09BarulhoSinalizador06-2.mp4,Barulho,Sinalizador06
09BarulhoSinalizador06-3.mp4,Barulho,Sinalizador06
09BarulhoSinalizador06-4.mp4,Barulho,Sinalizador06
09BarulhoSinalizador06-5.mp4,Barulho,Sinalizador06
09BarulhoSinalizador08-1.mp4,Barulho,Sinalizador08
09BarulhoSinalizador08-2.mp4,Barulho,Sinalizador08
09BarulhoSinalizador08-3.mp4,Barulho,Sinalizador08
09BarulhoSinalizador08-4.mp4,Barulho,Sinalizador08
09BarulhoSinalizador08-5.mp4,Barulho,Sinalizador08
09BarulhoSinalizador10-1.mp4,Barulho,Sinalizador10
09BarulhoSinalizador10-2.mp4,Barulho,Sinalizador10
09BarulhoSinalizador10-3.mp4,Barulho,Sinalizador10
09BarulhoSinalizador10-4.mp4,Barulho,Sinalizador10
09BarulhoSinalizador10-5.mp4,Barulho,Sinalizador10
09BarulhoSinalizador11-1.mp4,Barulho,Sinalizador11
09BarulhoSinalizador11-2.mp4,Barulho,Sinalizador11
09BarulhoSinalizador11-3.mp4,Barulho,Sinalizador11
09BarulhoSinalizador11-4.mp4,Barulho,Sinalizador11
09BarulhoSinalizador11-5.mp4,Barulho,Sinalizador11
09BarulhoSinalizador12-1.mp4,Barulho,Sinalizador12
09BarulhoSinalizador12-2.mp4,Barulho,Sinalizador12
09BarulhoSinalizador12-3.mp4,Barulho,Sinalizador12
09BarulhoSinalizador12-4.mp4,Barulho,Sinalizador12
09BarulhoSinalizador12-5.mp4,Barulho,Sinalizador12
10CincoSinalizador01-1.mp4,Cinco,Sinalizador01
10CincoSinalizador01-2.mp4,Cinco,Sinalizador01
10CincoSinalizador01-3.mp4,Cinco,Sinalizador01
10CincoSinalizador01-4.mp4,Cinco,Sinalizador01
10CincoSinalizador01-5.mp4,Cinco,Sinalizador01
10CincoSinalizador02-1.mp4,Cinco,Sinalizador02
10CincoSinalizador02-2.mp4,Cinco,Sinalizador02
10CincoSinalizador02-3.mp4,Cinco,Sinalizador02
10CincoSinalizador02-4.mp4,Cinco,Sinalizador02
10CincoSinalizador02-5.mp4,Cinco,Sinalizador02
10CincoSinalizador05-1.mp4,Cinco,Sinalizador05
10CincoSinalizador05-2.mp4,Cinco,Sinalizador05
10CincoSinalizador05-3.mp4,Cinco,Sinalizador05
10CincoSinalizador05-4.mp4,Cinco,Sinalizador05
10CincoSinalizador05-5.mp4,Cinco,Sinalizador05
10CincoSinalizador06-1.mp4,Cinco,Sinalizador06
10CincoSinalizador06-2.mp4,Cinco,Sinalizador06
10CincoSinalizador06-3.mp4,Cinco,Sinalizador06
10CincoSinalizador06-4.mp4,Cinco,Sinalizador06
10CincoSinalizador06-5.mp4,Cinco,Sinalizador06
10CincoSinalizador08-1.mp4,Cinco,Sinalizador08
10CincoSinalizador08-2.mp4,Cinco,Sinalizador08
10CincoSinalizador08-3.mp4,Cinco,Sinalizador08
10CincoSinalizador08-4.mp4,Cinco,Sinalizador08
10CincoSinalizador08-5.mp4,Cinco,Sinalizador08
10CincoSinalizador10-1.mp4,Cinco,Sinalizador10
10CincoSinalizador10-2.mp4,Cinco,Sinalizador10
10CincoSinalizador10-3.mp4,Cinco,Sinalizador10
10CincoSinalizador10-4.mp4,Cinco,Sinalizador10
10CincoSinalizador10-5.mp4,Cinco,Sinalizador10
10CincoSinalizador11-1.mp4,Cinco,Sinalizador11
10CincoSinalizador11-2.mp4,Cinco,Sinalizador11
10CincoSinalizador11-3.mp4,Cinco,Sinalizador11
10CincoSinalizador11-4.mp4,Cinco,Sinalizador11
10CincoSinalizador11-5.mp4,Cinco,Sinalizador11
10CincoSinalizador12-1.mp4,Cinco,Sinalizador12
10CincoSinalizador12-2.mp4,Cinco,Sinalizador12
10CincoSinalizador12-3.mp4,Cinco,Sinalizador12
10CincoSinalizador12-4.mp4,Cinco,Sinalizador12
10CincoSinalizador12-5.mp4,Cinco,Sinalizador12
11ConhecerSinalizador01-1.mp4,Conhecer,Sinalizador01
11ConhecerSinalizador01-2.mp4,Conhecer,Sinalizador01
11ConhecerSinalizador01-3.mp4,Conhecer,Sinalizador01
11ConhecerSinalizador01-4.mp4,Conhecer,Sinalizador01
11ConhecerSinalizador01-5.mp4,Conhecer,Sinalizador01
11ConhecerSinalizador02-1.mp4,Conhecer,Sinalizador02
11ConhecerSinalizador02-2.mp4,Conhecer,Sinalizador02
11ConhecerSinalizador02-3.mp4,Conhecer,Sinalizador02
11ConhecerSinalizador02-4.mp4,Conhecer,Sinalizador02
11ConhecerSinalizador02-5.mp4,Conhecer,Sinalizador02
11ConhecerSinalizador05-1.mp4,Conhecer,Sinalizador05
11ConhecerSinalizador05-2.mp4,Conhecer,Sinalizador05
11ConhecerSinalizador05-3.mp4,Conhecer,Sinalizador05
11ConhecerSinalizador05-4.mp4,Conhecer,Sinalizador05
11ConhecerSinalizador05-5.mp4,Conhecer,Sinalizador05
11ConhecerSinalizador06-1.mp4,Conhecer,Sinalizador06
11ConhecerSinalizador06-2.mp4,Conhecer,Sinalizador06
11ConhecerSinalizador06-3.mp4,Conhecer,Sinalizador06
11ConhecerSinalizador06-4.mp4,Conhecer,Sinalizador06
11ConhecerSinalizador06-5.mp4,Conhecer,Sinalizador06
11ConhecerSinalizador08-1.mp4,Conhecer,Sinalizador08
11ConhecerSinalizador08-2.mp4,Conhecer,Sinalizador08
11ConhecerSinalizador08-3.mp4,Conhecer,Sinalizador08
11ConhecerSinalizador08-4.mp4,Conhecer,Sinalizador08
11ConhecerSinalizador08-5.mp4,Conhecer,Sinalizador08
11ConhecerSinalizador10-1.mp4,Conhecer,Sinalizador10
11ConhecerSinalizador10-2.mp4,Conhecer,Sinalizador10
11ConhecerSinalizador10-3.mp4,Conhecer,Sinalizador10
11ConhecerSinalizador10-4.mp4,Conhecer,Sinalizador10
11ConhecerSinalizador10-5.mp4,Conhecer,Sinalizador10
11ConhecerSinalizador11-1.mp4,Conhecer,Sinalizador11
11ConhecerSinalizador11-2.mp4,Conhecer,Sinalizador11
11ConhecerSinalizador11-3.mp4,Conhecer,Sinalizador11
11ConhecerSinalizador11-4.mp4,Conhecer,Sinalizador11
11ConhecerSinalizador11-5.mp4,Conhecer,Sinalizador11
11ConhecerSinalizador12-1.mp4,Conhecer,Sinalizador12
11ConhecerSinalizador12-2.mp4,Conhecer,Sinalizador12
11ConhecerSinalizador12-3.mp4,Conhecer,Sinalizador12
11ConhecerSinalizador12-4.mp4,Conhecer,Sinalizador12
11ConhecerSinalizador12-5.mp4,Conhecer,Sinalizador12
12EspelhoSinalizador01-1.mp4,Espelho,Sinalizador01
12EspelhoSinalizador01-2.mp4,Espelho,Sinalizador01
12EspelhoSinalizador01-3.mp4,Espelho,Sinalizador01
12EspelhoSinalizador01-4.mp4,Espelho,Sinalizador01
12EspelhoSinalizador01-5.mp4,Espelho,Sinalizador01
12EspelhoSinalizador02-1.mp4,Espelho,Sinalizador02
12EspelhoSinalizador02-2.mp4,Espelho,Sinalizador02
12EspelhoSinalizador02-3.mp4,Espelho,Sinalizador02
12EspelhoSinalizador02-4.mp4,Espelho,Sinalizador02
12EspelhoSinalizador02-5.mp4,Espelho,Sinalizador02
12EspelhoSinalizador05-1.mp4,Espelho,Sinalizador05
12EspelhoSinalizador05-2.mp4,Espelho,Sinalizador05
12EspelhoSinalizador05-3.mp4,Espelho,Sinalizador05
12EspelhoSinalizador05-4.mp4,Espelho,Sinalizador05
12EspelhoSinalizador05-5.mp4,Espelho,Sinalizador05
12EspelhoSinalizador06-1.mp4,Espelho,Sinalizador06
12EspelhoSinalizador06-2.mp4,Espelho,Sinalizador06
12EspelhoSinalizador06-3.mp4,Espelho,Sinalizador06
12EspelhoSinalizador06-4.mp4,Espelho,Sinalizador06
12EspelhoSinalizador06-5.mp4,Espelho,Sinalizador06
12EspelhoSinalizador08-1.mp4,Espelho,Sinalizador08
12EspelhoSinalizador08-2.mp4,Espelho,Sinalizador08
12EspelhoSinalizador08-3.mp4,Espelho,Sinalizador08
12EspelhoSinalizador08-4.mp4,Espelho,Sinalizador08
12EspelhoSinalizador08-5.mp4,Espelho,Sinalizador08
12EspelhoSinalizador10-1.mp4,Espelho,Sinalizador10
12EspelhoSinalizador10-2.mp4,Espelho,Sinalizador10
12EspelhoSinalizador10-3.mp4,Espelho,Sinalizador10
12EspelhoSinalizador10-4.mp4,Espelho,Sinalizador10
12EspelhoSinalizador10-5.mp4,Espelho,Sinalizador10
12EspelhoSinalizador11-1.mp4,Espelho,Sinalizador11
12EspelhoSinalizador11-2.mp4,Espelho,Sinalizador11
12EspelhoSinalizador11-3.mp4,Espelho,Sinalizador11
12EspelhoSinalizador11-4.mp4,Espelho,Sinalizador11
12EspelhoSinalizador11-5.mp4,Espelho,Sinalizador11
12EspelhoSinalizador12-1.mp4,Espelho,Sinalizador12
12EspelhoSinalizador12-2.mp4,Espelho,Sinalizador12
12EspelhoSinalizador12-3.mp4,Espelho,Sinalizador12
12EspelhoSinalizador12-4.mp4,Espelho,Sinalizador12
12EspelhoSinalizador12-5.mp4,Espelho,Sinalizador12
13EsquinaSinalizador01-1.mp4,Esquina,Sinalizador01
13EsquinaSinalizador01-2.mp4,Esquina,Sinalizador01
13EsquinaSinalizador01-3.mp4,Esquina,Sinalizador01
13EsquinaSinalizador01-4.mp4,Esquina,Sinalizador01
13EsquinaSinalizador01-5.mp4,Esquina,Sinalizador01
13EsquinaSinalizador02-1.mp4,Esquina,Sinalizador02
13EsquinaSinalizador02-2.mp4,Esquina,Sinalizador02
13EsquinaSinalizador02-3.mp4,Esquina,Sinalizador02
13EsquinaSinalizador02-4.mp4,Esquina,Sinalizador02
13EsquinaSinalizador02-5.mp4,Esquina,Sinalizador02
13EsquinaSinalizador05-1.mp4,Esquina,Sinalizador05
13EsquinaSinalizador05-2.mp4,Esquina,Sinalizador05
13EsquinaSinalizador05-3.mp4,Esquina,Sinalizador05
13EsquinaSinalizador05-4.mp4,Esquina,Sinalizador05
13EsquinaSinalizador05-5.mp4,Esquina,Sinalizador05
13EsquinaSinalizador06-1.mp4,Esquina,Sinalizador06
13EsquinaSinalizador06-2.mp4,Esquina,Sinalizador06
13EsquinaSinalizador06-3.mp4,Esquina,Sinalizador06
13EsquinaSinalizador06-4.mp4,Esquina,Sinalizador06
13EsquinaSinalizador06-5.mp4,Esquina,Sinalizador06
13EsquinaSinalizador08-1.mp4,Esquina,Sinalizador08
13EsquinaSinalizador08-2.mp4,Esquina,Sinalizador08
13EsquinaSinalizador08-3.mp4,Esquina,Sinalizador08
13EsquinaSinalizador08-4.mp4,Esquina,Sinalizador08
13EsquinaSinalizador08-5.mp4,Esquina,Sinalizador08
13EsquinaSinalizador10-1.mp4,Esquina,Sinalizador10
13EsquinaSinalizador10-2.mp4,Esquina,Sinalizador10
13EsquinaSinalizador10-3.mp4,Esquina,Sinalizador10
13EsquinaSinalizador10-4.mp4,Esquina,Sinalizador10
13EsquinaSinalizador10-5.mp4,Esquina,Sinalizador10
13EsquinaSinalizador11-1.mp4,Esquina,Sinalizador11
13EsquinaSinalizador11-2.mp4,Esquina,Sinalizador11
13EsquinaSinalizador11-3.mp4,Esquina,Sinalizador11
13EsquinaSinalizador11-4.mp4,Esquina,Sinalizador11
13EsquinaSinalizador11-5.mp4,Esquina,Sinalizador11
13EsquinaSinalizador12-1.mp4,Esquina,Sinalizador12
13EsquinaSinalizador12-2.mp4,Esquina,Sinalizador12
13EsquinaSinalizador12-3.mp4,Esquina,Sinalizador12
13EsquinaSinalizador12-4.mp4,Esquina,Sinalizador12
13EsquinaSinalizador12-5.mp4,Esquina,Sinalizador12
14FilhoSinalizador01-1.mp4,Filho,Sinalizador01
14FilhoSinalizador01-2.mp4,Filho,Sinalizador01
14FilhoSinalizador01-3.mp4,Filho,Sinalizador01
14FilhoSinalizador01-4.mp4,Filho,Sinalizador01
14FilhoSinalizador01-5.mp4,Filho,Sinalizador01
14FilhoSinalizador02-1.mp4,Filho,Sinalizador02
14FilhoSinalizador02-2.mp4,Filho,Sinalizador02
14FilhoSinalizador02-3.mp4,Filho,Sinalizador02
14FilhoSinalizador02-4.mp4,Filho,Sinalizador02
14FilhoSinalizador02-5.mp4,Filho,Sinalizador02
14FilhoSinalizador05-1.mp4,Filho,Sinalizador05
14FilhoSinalizador05-2.mp4,Filho,Sinalizador05
14FilhoSinalizador05-3.mp4,Filho,Sinalizador05
14FilhoSinalizador05-4.mp4,Filho,Sinalizador05
14FilhoSinalizador05-5.mp4,Filho,Sinalizador05
14FilhoSinalizador06-1.mp4,Filho,Sinalizador06
14FilhoSinalizador06-2.mp4,Filho,Sinalizador06
14FilhoSinalizador06-3.mp4,Filho,Sinalizador06
14FilhoSinalizador06-4.mp4,Filho,Sinalizador06
14FilhoSinalizador06-5.mp4,Filho,Sinalizador06
14FilhoSinalizador08-1.mp4,Filho,Sinalizador08
14FilhoSinalizador08-2.mp4,Filho,Sinalizador08
14FilhoSinalizador08-3.mp4,Filho,Sinalizador08
14FilhoSinalizador08-4.mp4,Filho,Sinalizador08
14FilhoSinalizador08-5.mp4,Filho,Sinalizador08
14FilhoSinalizador10-1.mp4,Filho,Sinalizador10
14FilhoSinalizador10-2.mp4,Filho,Sinalizador10
14FilhoSinalizador10-3.mp4,Filho,Sinalizador10
14FilhoSinalizador10-4.mp4,Filho,Sinalizador10
14FilhoSinalizador10-5.mp4,Filho,Sinalizador10
14FilhoSinalizador11-1.mp4,Filho,Sinalizador11
14FilhoSinalizador11-2.mp4,Filho,Sinalizador11
14FilhoSinalizador11-3.mp4,Filho,Sinalizador11
14FilhoSinalizador11-4.mp4,Filho,Sinalizador11
14FilhoSinalizador11-5.mp4,Filho,Sinalizador11
14FilhoSinalizador12-1.mp4,Filho,Sinalizador12
14FilhoSinalizador12-2.mp4,Filho,Sinalizador12
14FilhoSinalizador12-3.mp4,Filho,Sinalizador12
14FilhoSinalizador12-4.mp4,Filho,Sinalizador12
14FilhoSinalizador12-5.mp4,Filho,Sinalizador12
15MacaSinalizador01-1.mp4,Maca,Sinalizador01
15MacaSinalizador01-2.mp4,Maca,Sinalizador01
15MacaSinalizador01-3.mp4,Maca,Sinalizador01
15MacaSinalizador01-4.mp4,Maca,Sinalizador01
15MacaSinalizador01-5.mp4,Maca,Sinalizador01
15MacaSinalizador02-1.mp4,Maca,Sinalizador02
15MacaSinalizador02-2.mp4,Maca,Sinalizador02
15MacaSinalizador02-3.mp4,Maca,Sinalizador02
15MacaSinalizador02-4.mp4,Maca,Sinalizador02
15MacaSinalizador02-5.mp4,Maca,Sinalizador02
15MacaSinalizador05-1.mp4,Maca,Sinalizador05
15MacaSinalizador05-2.mp4,Maca,Sinalizador05
15MacaSinalizador05-3.mp4,Maca,Sinalizador05
15MacaSinalizador05-4.mp4,Maca,Sinalizador05
15MacaSinalizador05-5.mp4,Maca,Sinalizador05
15MacaSinalizador06-1.mp4,Maca,Sinalizador06
15MacaSinalizador06-2.mp4,Maca,Sinalizador06
15MacaSinalizador06-3.mp4,Maca,Sinalizador06
15MacaSinalizador06-4.mp4,Maca,Sinalizador06
15MacaSinalizador06-5.mp4,Maca,Sinalizador06
15MacaSinalizador08-1.mp4,Maca,Sinalizador08
15MacaSinalizador08-2.mp4,Maca,Sinalizador08
15MacaSinalizador08-3.mp4,Maca,Sinalizador08
15MacaSinalizador08-4.mp4,Maca,Sinalizador08
15MacaSinalizador08-5.mp4,Maca,Sinalizador08
15MacaSinalizador10-1.mp4,Maca,Sinalizador10
15MacaSinalizador10-2.mp4,Maca,Sinalizador10
15MacaSinalizador10-3.mp4,Maca,Sinalizador10
15MacaSinalizador10-4.mp4,Maca,Sinalizador10
15MacaSinalizador10-5.mp4,Maca,Sinalizador10
15MacaSinalizador11-1.mp4,Maca,Sinalizador11
15MacaSinalizador11-2.mp4,Maca,Sinalizador11
15MacaSinalizador11-3.mp4,Maca,Sinalizador11
15MacaSinalizador11-4.mp4,Maca,Sinalizador11
15MacaSinalizador11-5.mp4,Maca,Sinalizador11
15MacaSinalizador12-1.mp4,Maca,Sinalizador12
15MacaSinalizador12-2.mp4,Maca,Sinalizador12
15MacaSinalizador12-3.mp4,Maca,Sinalizador12
15MacaSinalizador12-4.mp4,Maca,Sinalizador12
15MacaSinalizador12-5.mp4,Maca,Sinalizador12
16MedoSinalizador01-1.mp4,Medo,Sinalizador01
16MedoSinalizador01-2.mp4,Medo,Sinalizador01
16MedoSinalizador01-3.mp4,Medo,Sinalizador01
16MedoSinalizador01-4.mp4,Medo,Sinalizador01
16MedoSinalizador01-5.mp4,Medo,Sinalizador01
16MedoSinalizador02-1.mp4,Medo,Sinalizador02
16MedoSinalizador02-2.mp4,Medo,Sinalizador02
16MedoSinalizador02-3.mp4,Medo,Sinalizador02
16MedoSinalizador02-4.mp4,Medo,Sinalizador02
16MedoSinalizador02-5.mp4,Medo,Sinalizador02
16MedoSinalizador05-1.mp4,Medo,Sinalizador05
16MedoSinalizador05-2.mp4,Medo,Sinalizador05
16MedoSinalizador05-3.mp4,Medo,Sinalizador05
16MedoSinalizador05-4.mp4,Medo,Sinalizador05
16MedoSinalizador05-5.mp4,Medo,Sinalizador05
16MedoSinalizador06-1.mp4,Medo,Sinalizador06
16MedoSinalizador06-2.mp4,Medo,Sinalizador06
16MedoSinalizador06-3.mp4,Medo,Sinalizador06
16MedoSinalizador06-4.mp4,Medo,Sinalizador06
16MedoSinalizador06-5.mp4,Medo,Sinalizador06
16MedoSinalizador08-1.mp4,Medo,Sinalizador08
16MedoSinalizador08-2.mp4,Medo,Sinalizador08
16MedoSinalizador08-3.mp4,Medo,Sinalizador08
16MedoSinalizador08-4.mp4,Medo,Sinalizador08
16MedoSinalizador08-5.mp4,Medo,Sinalizador08
16MedoSinalizador10-1.mp4,Medo,Sinalizador10
16MedoSinalizador10-2.mp4,Medo,Sinalizador10
16MedoSinalizador10-3.mp4,Medo,Sinalizador10
16MedoSinalizador10-4.mp4,Medo,Sinalizador10
16MedoSinalizador10-5.mp4,Medo,Sinalizador10
16MedoSinalizador11-1.mp4,Medo,Sinalizador11
16MedoSinalizador11-2.mp4,Medo,Sinalizador11
16MedoSinalizador11-3.mp4,Medo,Sinalizador11
16MedoSinalizador11-4.mp4,Medo,Sinalizador11
16MedoSinalizador11-5.mp4,Medo,Sinalizador11
16MedoSinalizador12-1.mp4,Medo,Sinalizador12
16MedoSinalizador12-2.mp4,Medo,Sinalizador12
16MedoSinalizador12-3.mp4,Medo,Sinalizador12
16MedoSinalizador12-4.mp4,Medo,Sinalizador12
16MedoSinalizador12-5.mp4,Medo,Sinalizador12
17RuimSinalizador01-1.mp4,Ruim,Sinalizador01
17RuimSinalizador01-2.mp4,Ruim,Sinalizador01
17RuimSinalizador01-3.mp4,Ruim,Sinalizador01
17RuimSinalizador01-4.mp4,Ruim,Sinalizador01
17RuimSinalizador01-5.mp4,Ruim,Sinalizador01
17RuimSinalizador02-1.mp4,Ruim,Sinalizador02
17RuimSinalizador02-2.mp4,Ruim,Sinalizador02
17RuimSinalizador02-3.mp4,Ruim,Sinalizador02
17RuimSinalizador02-4.mp4,Ruim,Sinalizador02
17RuimSinalizador02-5.mp4,Ruim,Sinalizador02
17RuimSinalizador05-1.mp4,Ruim,Sinalizador05
17RuimSinalizador05-2.mp4,Ruim,Sinalizador05
17RuimSinalizador05-3.mp4,Ruim,Sinalizador05
17RuimSinalizador05-4.mp4,Ruim,Sinalizador05
17RuimSinalizador05-5.mp4,Ruim,Sinalizador05
17RuimSinalizador06-1.mp4,Ruim,Sinalizador06
17RuimSinalizador06-2.mp4,Ruim,Sinalizador06
17RuimSinalizador06-3.mp4,Ruim,Sinalizador06
17RuimSinalizador06-4.mp4,Ruim,Sinalizador06
17RuimSinalizador06-5.mp4,Ruim,Sinalizador06
17RuimSinalizador08-1.mp4,Ruim,Sinalizador08
17RuimSinalizador08-2.mp4,Ruim,Sinalizador08
17RuimSinalizador08-3.mp4,Ruim,Sinalizador08
17RuimSinalizador08-4.mp4,Ruim,Sinalizador08
17RuimSinalizador08-5.mp4,Ruim,Sinalizador08
17RuimSinalizador10-1.mp4,Ruim,Sinalizador10
17RuimSinalizador10-2.mp4,Ruim,Sinalizador10
17RuimSinalizador10-3.mp4,Ruim,Sinalizador10
17RuimSinalizador10-4.mp4,Ruim,Sinalizador10
17RuimSinalizador10-5.mp4,Ruim,Sinalizador10
17RuimSinalizador11-1.mp4,Ruim,Sinalizador11
17RuimSinalizador11-2.mp4,Ruim,Sinalizador11
17RuimSinalizador11-3.mp4,Ruim,Sinalizador11
17RuimSinalizador11-4.mp4,Ruim,Sinalizador11
17RuimSinalizador11-5.mp4,Ruim,Sinalizador11
17RuimSinalizador12-1.mp4,Ruim,Sinalizador12
17RuimSinalizador12-2.mp4,Ruim,Sinalizador12
17RuimSinalizador12-3.mp4,Ruim,Sinalizador12
17RuimSinalizador12-4.mp4,Ruim,Sinalizador12
17RuimSinalizador12-5.mp4,Ruim,Sinalizador12
18SapoSinalizador01-1.mp4,Sapo,Sinalizador01
18SapoSinalizador01-2.mp4,Sapo,Sinalizador01
18SapoSinalizador01-3.mp4,Sapo,Sinalizador01
18SapoSinalizador01-4.mp4,Sapo,Sinalizador01
18SapoSinalizador01-5.mp4,Sapo,Sinalizador01
18SapoSinalizador02-1.mp4,Sapo,Sinalizador02
18SapoSinalizador02-2.mp4,Sapo,Sinalizador02
18SapoSinalizador02-3.mp4,Sapo,Sinalizador02
18SapoSinalizador02-4.mp4,Sapo,Sinalizador02
18SapoSinalizador02-5.mp4,Sapo,Sinalizador02
18SapoSinalizador05-1.mp4,Sapo,Sinalizador05
18SapoSinalizador05-2.mp4,Sapo,Sinalizador05
18SapoSinalizador05-3.mp4,Sapo,Sinalizador05
18SapoSinalizador05-4.mp4,Sapo,Sinalizador05
18SapoSinalizador05-5.mp4,Sapo,Sinalizador05
18SapoSinalizador06-1.mp4,Sapo,Sinalizador06
18SapoSinalizador06-2.mp4,Sapo,Sinalizador06
18SapoSinalizador06-3.mp4,Sapo,Sinalizador06
18SapoSinalizador06-4.mp4,Sapo,Sinalizador06
18SapoSinalizador06-5.mp4,Sapo,Sinalizador06
18SapoSinalizador08-1.mp4,Sapo,Sinalizador08
18SapoSinalizador08-2.mp4,Sapo,Sinalizador08
18SapoSinalizador08-3.mp4,Sapo,Sinalizador08
18SapoSinalizador08-4.mp4,Sapo,Sinalizador08
18SapoSinalizador08-5.mp4,Sapo,Sinalizador08
18SapoSinalizador10-1.mp4,Sapo,Sinalizador10
18SapoSinalizador10-2.mp4,Sapo,Sinalizador10
18SapoSinalizador10-3.mp4,Sapo,Sinalizador10
18SapoSinalizador10-4.mp4,Sapo,Sinalizador10
18SapoSinalizador10-5.mp4,Sapo,Sinalizador10
18SapoSinalizador11-1.mp4,Sapo,Sinalizador11
18SapoSinalizador11-2.mp4,Sapo,Sinalizador11
18SapoSinalizador11-3.mp4,Sapo,Sinalizador11
18SapoSinalizador11-4.mp4,Sapo,Sinalizador11
18SapoSinalizador11-5.mp4,Sapo,Sinalizador11
18SapoSinalizador12-1.mp4,Sapo,Sinalizador12
18SapoSinalizador12-2.mp4,Sapo,Sinalizador12
18SapoSinalizador12-3.mp4,Sapo,Sinalizador12
18SapoSinalizador12-4.mp4,Sapo,Sinalizador12
18SapoSinalizador12-5.mp4,Sapo,Sinalizador12
19VacinaSinalizador01-1.mp4,Vacina,Sinalizador01
19VacinaSinalizador01-2.mp4,Vacina,Sinalizador01
19VacinaSinalizador01-3.mp4,Vacina,Sinalizador01
19VacinaSinalizador01-4.mp4,Vacina,Sinalizador01
19VacinaSinalizador01-5.mp4,Vacina,Sinalizador01
19VacinaSinalizador02-1.mp4,Vacina,Sinalizador02
19VacinaSinalizador02-2.mp4,Vacina,Sinalizador02
19VacinaSinalizador02-3.mp4,Vacina,Sinalizador02
19VacinaSinalizador02-4.mp4,Vacina,Sinalizador02
19VacinaSinalizador02-5.mp4,Vacina,Sinalizador02
19VacinaSinalizador05-1.mp4,Vacina,Sinalizador05
19VacinaSinalizador05-2.mp4,Vacina,Sinalizador05
19VacinaSinalizador05-3.mp4,Vacina,Sinalizador05
19VacinaSinalizador05-4.mp4,Vacina,Sinalizador05
19VacinaSinalizador05-5.mp4,Vacina,Sinalizador05
19VacinaSinalizador06-1.mp4,Vacina,Sinalizador06
19VacinaSinalizador06-2.mp4,Vacina,Sinalizador06
19VacinaSinalizador06-3.mp4,Vacina,Sinalizador06
19VacinaSinalizador06-4.mp4,Vacina,Sinalizador06
19VacinaSinalizador06-5.mp4,Vacina,Sinalizador06
19VacinaSinalizador08-1.mp4,Vacina,Sinalizador08
19VacinaSinalizador08-2.mp4,Vacina,Sinalizador08
19VacinaSinalizador08-3.mp4,Vacina,Sinalizador08
19VacinaSinalizador08-4.mp4,Vacina,Sinalizador08
19VacinaSinalizador08-5.mp4,Vacina,Sinalizador08
19VacinaSinalizador10-1.mp4,Vacina,Sinalizador10
19VacinaSinalizador10-2.mp4,Vacina,Sinalizador10
19VacinaSinalizador10-3.mp4,Vacina,Sinalizador10
19VacinaSinalizador10-4.mp4,Vacina,Sinalizador10
19VacinaSinalizador10-5.mp4,Vacina,Sinalizador10
19VacinaSinalizador11-1.mp4,Vacina,Sinalizador11
19VacinaSinalizador11-2.mp4,Vacina,Sinalizador11
19VacinaSinalizador11-3.mp4,Vacina,Sinalizador11
19VacinaSinalizador11-4.mp4,Vacina,Sinalizador11
19VacinaSinalizador11-5.mp4,Vacina,Sinalizador11
19VacinaSinalizador12-1.mp4,Vacina,Sinalizador12
19VacinaSinalizador12-2.mp4,Vacina,Sinalizador12
19VacinaSinalizador12-3.mp4,Vacina,Sinalizador12
19VacinaSinalizador12-4.mp4,Vacina,Sinalizador12
19VacinaSinalizador12-5.mp4,Vacina,Sinalizador12
20VontadeSinalizador01-1.mp4,Vontade,Sinalizador01
20VontadeSinalizador01-2.mp4,Vontade,Sinalizador01
20VontadeSinalizador01-3.mp4,Vontade,Sinalizador01
20VontadeSinalizador01-4.mp4,Vontade,Sinalizador01
20VontadeSinalizador01-5.mp4,Vontade,Sinalizador01
20VontadeSinalizador02-1.mp4,Vontade,Sinalizador02
20VontadeSinalizador02-2.mp4,Vontade,Sinalizador02
20VontadeSinalizador02-3.mp4,Vontade,Sinalizador02
20VontadeSinalizador02-4.mp4,Vontade,Sinalizador02
20VontadeSinalizador02-5.mp4,Vontade,Sinalizador02
20VontadeSinalizador05-1.mp4,Vontade,Sinalizador05
20VontadeSinalizador05-2.mp4,Vontade,Sinalizador05
20VontadeSinalizador05-3.mp4,Vontade,Sinalizador05
20VontadeSinalizador05-4.mp4,Vontade,Sinalizador05
20VontadeSinalizador05-5.mp4,Vontade,Sinalizador05
20VontadeSinalizador06-1.mp4,Vontade,Sinalizador06
20VontadeSinalizador06-2.mp4,Vontade,Sinalizador06
20VontadeSinalizador06-3.mp4,Vontade,Sinalizador06
20VontadeSinalizador06-4.mp4,Vontade,Sinalizador06
20VontadeSinalizador06-5.mp4,Vontade,Sinalizador06
20VontadeSinalizador08-1.mp4,Vontade,Sinalizador08
20VontadeSinalizador08-2.mp4,Vontade,Sinalizador08
20VontadeSinalizador08-3.mp4,Vontade,Sinalizador08
20VontadeSinalizador08-4.mp4,Vontade,Sinalizador08
20VontadeSinalizador08-5.mp4,Vontade,Sinalizador08
20VontadeSinalizador10-1.mp4,Vontade,Sinalizador10
20VontadeSinalizador10-2.mp4,Vontade,Sinalizador10
20VontadeSinalizador10-3.mp4,Vontade,Sinalizador10
20VontadeSinalizador10-4.mp4,Vontade,Sinalizador10
20VontadeSinalizador10-5.mp4,Vontade,Sinalizador10
20VontadeSinalizador11-1.mp4,Vontade,Sinalizador11
20VontadeSinalizador11-2.mp4,Vontade,Sinalizador11
20VontadeSinalizador11-3.mp4,Vontade,Sinalizador11
20VontadeSinalizador11-4.mp4,Vontade,Sinalizador11
20VontadeSinalizador11-5.mp4,Vontade,Sinalizador11
20VontadeSinalizador12-1.mp4,Vontade,Sinalizador12
20VontadeSinalizador12-2.mp4,Vontade,Sinalizador12
20VontadeSinalizador12-3.mp4,Vontade,Sinalizador12
20VontadeSinalizador12-4.mp4,Vontade,Sinalizador12
20VontadeSinalizador12-5.mp4,Vontade,Sinalizador12
