epoch,lr,train_loss,train_top1,train_top3,train_top5,val_loss,val_top1,val_top3,val_top5,val_f1_macro,val_f1_weighted,val_precision_macro,val_recall_macro
1,4.9999999999999996e-05,4.037806922739202,0.05194805194805195,0.15584415584415584,0.22077922077922077,3.6942086219787598,0.0,0.0,0.2608695652173913,0.0,0.0,0.0,0.0
2,9.999999999999999e-05,3.846178711234749,0.05194805194805195,0.14285714285714285,0.18181818181818182,3.5587635040283203,0.0,0.08695652173913043,0.21739130434782608,0.0,0.0,0.0,0.0
3,0.00015,3.4228198621180153,0.05194805194805195,0.22077922077922077,0.33766233766233766,3.42179012298584,0.043478260869565216,0.17391304347826086,0.2608695652173913,0.014492753623188408,0.014492753623188408,0.008695652173913044,0.043478260869565216
4,0.00015,3.1724964364782555,0.15584415584415584,0.2987012987012987,0.42857142857142855,3.3445143699645996,0.13043478260869565,0.21739130434782608,0.21739130434782608,0.05138339920948616,0.05138339920948616,0.034782608695652174,0.13043478260869565
5,0.00014997298259893284,3.066368205206735,0.12987012987012986,0.2987012987012987,0.4155844155844156,3.30417799949646,0.17391304347826086,0.17391304347826086,0.2608695652173913,0.09486166007905138,0.09486166007905138,0.0782608695652174,0.17391304347826086
6,0.0001498919498737824,3.142983987733915,0.07792207792207792,0.19480519480519481,0.37662337662337664,3.26851224899292,0.08695652173913043,0.17391304347826086,0.2608695652173913,0.03689064558629775,0.03689064558629775,0.02608695652173913,0.08695652173913043
7,0.000149756960244659,2.901386205252115,0.18181818181818182,0.2727272727272727,0.4155844155844156,3.23683762550354,0.08695652173913043,0.13043478260869565,0.21739130434782608,0.03689064558629775,0.03689064558629775,0.02608695652173913,0.08695652173913043
8,0.0001495681110316147,2.8746639288865126,0.14285714285714285,0.3246753246753247,0.42857142857142855,3.2024457454681396,0.08695652173913043,0.13043478260869565,0.2608695652173913,0.03043478260869565,0.03043478260869565,0.01932367149758454,0.08695652173913043
9,0.0001493255383844808,2.611581786886438,0.2077922077922078,0.4155844155844156,0.5974025974025974,3.1798572540283203,0.0,0.17391304347826086,0.34782608695652173,0.0,0.0,0.0,0.0
10,0.0001490294171847115,2.724574491575167,0.16883116883116883,0.35064935064935066,0.5974025974025974,3.17977237701416,0.0,0.13043478260869565,0.34782608695652173,0.0,0.0,0.0,0.0
11,0.000148679960919304,2.4836520931937476,0.18181818181818182,0.5194805194805194,0.6753246753246753,3.1863961219787598,0.0,0.08695652173913043,0.391304347826087,0.0,0.0,0.0,0.0
12,0.0001482774215268861,2.523830664622319,0.18181818181818182,0.4935064935064935,0.5844155844155844,3.2190048694610596,0.0,0.17391304347826086,0.43478260869565216,0.0,0.0,0.0,0.0
13,0.00014782208921608253,2.3572918718511406,0.2727272727272727,0.5714285714285714,0.7012987012987013,3.24949049949646,0.0,0.21739130434782608,0.34782608695652173,0.0,0.0,0.0,0.0
14,0.00014731429225629044,2.2196314520650096,0.3116883116883117,0.5844155844155844,0.7402597402597403,3.2679603099823,0.043478260869565216,0.30434782608695654,0.391304347826087,0.021739130434782608,0.021739130434782608,0.014492753623188404,0.043478260869565216
15,0.00014675439674101547,2.0311738918353983,0.4155844155844156,0.6103896103896104,0.7662337662337663,3.27730131149292,0.043478260869565216,0.30434782608695654,0.43478260869565216,0.021739130434782608,0.021739130434782608,0.014492753623188404,0.043478260869565216
16,0.00014614280632393848,1.9608867710286921,0.38961038961038963,0.6753246753246753,0.8441558441558441,3.2901663780212402,0.043478260869565216,0.391304347826087,0.391304347826087,0.017391304347826087,0.017391304347826087,0.010869565217391304,0.043478260869565216
17,0.00014547996192790377,2.0687366987203624,0.38961038961038963,0.6493506493506493,0.7402597402597403,3.3230299949645996,0.043478260869565216,0.34782608695652173,0.391304347826087,0.017391304347826087,0.017391304347826087,0.010869565217391304,0.043478260869565216
18,0.00014476634142703785,1.9701704468045915,0.37662337662337664,0.6753246753246753,0.8051948051948052,3.3791184425354004,0.043478260869565216,0.30434782608695654,0.391304347826087,0.017391304347826087,0.017391304347826087,0.010869565217391304,0.043478260869565216
19,0.00014400245930222883,1.7975408318754915,0.4935064935064935,0.7012987012987013,0.8441558441558441,3.43363618850708,0.08695652173913043,0.21739130434782608,0.43478260869565216,0.02608695652173913,0.02608695652173913,0.01570048309178744,0.08695652173913043
20,0.0001431888662702141,1.8438197467234227,0.38961038961038963,0.6753246753246753,0.8831168831168831,3.47898268699646,0.13043478260869565,0.21739130434782608,0.43478260869565216,0.07173913043478261,0.07173913043478261,0.06055900621118012,0.13043478260869565
21,0.00014232614888654406,1.6804770014502786,0.4935064935064935,0.7792207792207793,0.8701298701298701,3.5194039344787598,0.13043478260869565,0.21739130434782608,0.391304347826087,0.0676328502415459,0.0676328502415459,0.057608695652173914,0.13043478260869565
22,0.00014141492912270802,1.5499489508666002,0.4935064935064935,0.8181818181818182,0.961038961038961,3.51755690574646,0.13043478260869565,0.21739130434782608,0.391304347826087,0.06556245686680469,0.06556245686680469,0.05615942028985508,0.13043478260869565
23,0.00014045586391772726,1.6186174618733393,0.4935064935064935,0.7922077922077922,0.8701298701298701,3.5381920337677,0.17391304347826086,0.21739130434782608,0.391304347826087,0.09575569358178053,0.09575569358178053,0.07867494824016563,0.17391304347826086
24,0.0001394496447045381,1.4711121336206214,0.5584415584415584,0.8311688311688312,0.922077922077922,3.60848331451416,0.17391304347826086,0.21739130434782608,0.34782608695652173,0.062318840579710155,0.062318840579710155,0.03888888888888888,0.17391304347826086
25,0.0001383969969115074,1.3995218633057236,0.5454545454545454,0.8571428571428571,0.9090909090909091,3.6818954944610596,0.13043478260869565,0.21739130434782608,0.2608695652173913,0.0370600414078675,0.0370600414078675,0.02206851119894598,0.13043478260869565
26,0.00013729867943943844,1.382632558996027,0.5324675324675324,0.8701298701298701,0.974025974025974,3.74700665473938,0.13043478260869565,0.21739130434782608,0.30434782608695654,0.038573021181716835,0.038573021181716835,0.02318840579710145,0.13043478260869565
27,0.0001361554841144458,1.3275673683587608,0.6233766233766234,0.922077922077922,0.948051948051948,3.7711870670318604,0.13043478260869565,0.2608695652173913,0.34782608695652173,0.04809683070552636,0.04809683070552636,0.03260869565217391,0.13043478260869565
28,0.00013496823511709237,1.4135536032837708,0.5194805194805194,0.8571428571428571,1.0,3.8177225589752197,0.13043478260869565,0.2608695652173913,0.34782608695652173,0.04292084726867336,0.04292084726867336,0.026811594202898553,0.13043478260869565
29,0.00013373778838820074,1.252484213222157,0.5584415584415584,0.8701298701298701,0.935064935064935,3.8797767162323,0.13043478260869565,0.2608695652173913,0.391304347826087,0.04292084726867336,0.04292084726867336,0.026811594202898553,0.13043478260869565
30,0.00013246503101176736,1.2357407607041395,0.6233766233766234,0.8961038961038961,0.922077922077922,3.9377973079681396,0.13043478260869565,0.30434782608695654,0.391304347826087,0.04809683070552636,0.04809683070552636,0.03260869565217391,0.13043478260869565
31,0.00013115088057542398,1.069914190800159,0.7012987012987013,0.935064935064935,1.0,4.01335334777832,0.08695652173913043,0.2608695652173913,0.391304347826087,0.016350798959494612,0.016350798959494612,0.009057971014492752,0.08695652173913043
32,0.0001297962845089078,1.1326377206034475,0.6753246753246753,0.8441558441558441,0.935064935064935,4.043117523193359,0.08695652173913043,0.30434782608695654,0.34782608695652173,0.017558528428093644,0.017558528428093644,0.009834368530020702,0.08695652173913043
33,0.00012840221940101703,0.937398146499287,0.7142857142857143,0.961038961038961,0.987012987012987,4.13288688659668,0.08695652173913043,0.21739130434782608,0.34782608695652173,0.017558528428093644,0.017558528428093644,0.009834368530020702,0.08695652173913043
34,0.00012696969029554444,0.9450469574370941,0.7012987012987013,0.974025974025974,1.0,4.194558620452881,0.13043478260869565,0.21739130434782608,0.34782608695652173,0.04761904761904762,0.04761904761904762,0.03232998885172798,0.13043478260869565
35,0.00012549972996669633,0.8390859613170871,0.7792207792207793,0.948051948051948,1.0,4.24665641784668,0.13043478260869565,0.21739130434782608,0.34782608695652173,0.04761904761904762,0.04761904761904762,0.03232998885172798,0.13043478260869565
36,0.00012399339817451965,0.8493997191453909,0.7532467532467533,0.987012987012987,1.0,4.302383899688721,0.13043478260869565,0.21739130434782608,0.30434782608695654,0.046544035674470456,0.046544035674470456,0.03157349896480332,0.13043478260869565
37,0.00012245178090087346,0.8672219816740457,0.7532467532467533,0.948051948051948,1.0,4.287374973297119,0.13043478260869565,0.21739130434782608,0.34782608695652173,0.05982905982905983,0.05982905982905983,0.05253623188405797,0.13043478260869565
38,0.00012087598956649626,0.7677564768048076,0.7532467532467533,0.961038961038961,1.0,4.28572940826416,0.08695652173913043,0.2608695652173913,0.30434782608695654,0.015384615384615384,0.015384615384615384,0.008454106280193236,0.08695652173913043
39,0.00011926716022973301,0.7380136313376489,0.7792207792207793,0.961038961038961,0.987012987012987,4.3207478523254395,0.08695652173913043,0.2608695652173913,0.30434782608695654,0.015384615384615384,0.015384615384615384,0.008454106280193236,0.08695652173913043
40,0.00011762645276750008,0.5928737064460655,0.8571428571428571,0.987012987012987,1.0,4.38561487197876,0.08695652173913043,0.2608695652173913,0.30434782608695654,0.016908212560386472,0.016908212560386472,0.009387351778656126,0.08695652173913043
41,0.00011595505003907806,0.6565111782643702,0.8311688311688312,1.0,1.0,4.4382429122924805,0.08695652173913043,0.2608695652173913,0.30434782608695654,0.016908212560386472,0.016908212560386472,0.009387351778656126,0.08695652173913043
42,0.00011425415703333579,0.7243755413340284,0.7792207792207793,0.987012987012987,1.0,4.4945387840271,0.08695652173913043,0.2608695652173913,0.30434782608695654,0.016908212560386472,0.016908212560386472,0.009387351778656126,0.08695652173913043
43,0.00011252499999999994,0.775254885871689,0.7532467532467533,0.974025974025974,1.0,4.54000186920166,0.08695652173913043,0.2608695652173913,0.30434782608695654,0.016908212560386472,0.016908212560386472,0.009387351778656126,0.08695652173913043
44,0.00011076882556559697,0.6383193390710014,0.8181818181818182,0.987012987012987,1.0,4.5553507804870605,0.08695652173913043,0.2608695652173913,0.30434782608695654,0.016908212560386472,0.016908212560386472,0.009387351778656126,0.08695652173913043
45,0.00010898689983470428,0.5561151419367109,0.8311688311688312,0.974025974025974,1.0,4.578671455383301,0.08695652173913043,0.30434782608695654,0.30434782608695654,0.01756697408871322,0.01756697408871322,0.009782608695652175,0.08695652173913043
46,0.00010718050747715885,0.5125503563261652,0.8701298701298701,0.987012987012987,1.0,4.6395792961120605,0.08695652173913043,0.30434782608695654,0.30434782608695654,0.01594202898550725,0.01594202898550725,0.00878348704435661,0.08695652173913043
47,0.0001053509508018816,0.5493863596544637,0.8571428571428571,0.987012987012987,1.0,4.7324748039245605,0.08695652173913043,0.30434782608695654,0.30434782608695654,0.01594202898550725,0.01594202898550725,0.00878348704435661,0.08695652173913043
48,0.00010349954881798449,0.4748757125495316,0.9090909090909091,1.0,1.0,4.85178279876709,0.08695652173913043,0.21739130434782608,0.30434782608695654,0.01594202898550725,0.01594202898550725,0.00878348704435661,0.08695652173913043
49,0.00010162763628383799,0.48663111863198216,0.8831168831168831,0.974025974025974,1.0,4.9003987312316895,0.08695652173913043,0.2608695652173913,0.2608695652173913,0.016908212560386472,0.016908212560386472,0.009387351778656126,0.08695652173913043
50,9.973656274478433e-05,0.42983522972503263,0.9090909090909091,0.987012987012987,1.0,4.869167327880859,0.08695652173913043,0.2608695652173913,0.2608695652173913,0.01594202898550725,0.01594202898550725,0.00878348704435661,0.08695652173913043
51,9.782769156018977e-05,0.4217085400959114,0.922077922077922,0.987012987012987,1.0,4.82519006729126,0.08695652173913043,0.2608695652173913,0.34782608695652173,0.016600790513833993,0.016600790513833993,0.009178743961352657,0.08695652173913043
52,9.59023989205381e-05,0.4281080160048101,0.935064935064935,0.974025974025974,1.0,4.81200647354126,0.08695652173913043,0.30434782608695654,0.34782608695652173,0.016600790513833993,0.016600790513833993,0.009178743961352657,0.08695652173913043
53,9.39620728552734e-05,0.3619983219481134,0.948051948051948,1.0,1.0,4.858231067657471,0.08695652173913043,0.30434782608695654,0.30434782608695654,0.016600790513833993,0.016600790513833993,0.009178743961352657,0.08695652173913043
54,9.200811223210763e-05,0.3658960508061694,0.922077922077922,1.0,1.0,4.880917549133301,0.08695652173913043,0.30434782608695654,0.30434782608695654,0.01756697408871322,0.01756697408871322,0.009782608695652175,0.08695652173913043
55,9.004192574851451e-05,0.3209499995429794,0.935064935064935,1.0,1.0,4.889011383056641,0.08695652173913043,0.30434782608695654,0.30434782608695654,0.01756697408871322,0.01756697408871322,0.009782608695652175,0.08695652173913043
56,8.80649309161364e-05,0.41066152244419246,0.9090909090909091,1.0,1.0,4.9048171043396,0.08695652173913043,0.30434782608695654,0.30434782608695654,0.01756697408871322,0.01756697408871322,0.009782608695652175,0.08695652173913043
57,8.607855303883711e-05,0.3659790831726867,0.935064935064935,1.0,1.0,4.935385227203369,0.08695652173913043,0.2608695652173913,0.30434782608695654,0.01756697408871322,0.01756697408871322,0.009782608695652175,0.08695652173913043
58,8.408422418513645e-05,0.3528879319692587,0.935064935064935,1.0,1.0,4.94688606262207,0.08695652173913043,0.2608695652173913,0.2608695652173913,0.016600790513833993,0.016600790513833993,0.009178743961352657,0.08695652173913043
59,8.208338215576827e-05,0.3009987891494454,0.948051948051948,0.987012987012987,1.0,4.950962066650391,0.08695652173913043,0.21739130434782608,0.2608695652173913,0.016600790513833993,0.016600790513833993,0.009178743961352657,0.08695652173913043
60,8.00774694471056e-05,0.31212586241883117,0.961038961038961,1.0,1.0,5.0027570724487305,0.08695652173913043,0.2608695652173913,0.2608695652173913,0.016600790513833993,0.016600790513833993,0.009178743961352657,0.08695652173913043
61,7.806793221120064e-05,0.2782426317790886,0.935064935064935,1.0,1.0,5.02510929107666,0.08695652173913043,0.2608695652173913,0.34782608695652173,0.016600790513833993,0.016600790513833993,0.009178743961352657,0.08695652173913043
62,7.605621921318912e-05,0.2745939992464982,0.935064935064935,1.0,1.0,5.043369293212891,0.08695652173913043,0.2608695652173913,0.34782608695652173,0.01594202898550725,0.01594202898550725,0.00878348704435661,0.08695652173913043
63,7.404378078681085e-05,0.271802827135309,0.935064935064935,1.0,1.0,5.06869649887085,0.08695652173913043,0.30434782608695654,0.34782608695652173,0.016600790513833993,0.016600790513833993,0.009178743961352657,0.08695652173913043
64,7.203206778879933e-05,0.30467313334539337,0.948051948051948,1.0,1.0,5.1352219581604,0.08695652173913043,0.2608695652173913,0.34782608695652173,0.016600790513833993,0.016600790513833993,0.009178743961352657,0.08695652173913043
65,7.002253055289436e-05,0.28473727927579506,0.948051948051948,1.0,1.0,5.167782783508301,0.08695652173913043,0.2608695652173913,0.30434782608695654,0.016600790513833993,0.016600790513833993,0.009178743961352657,0.08695652173913043
66,6.80166178442317e-05,0.2632529516885807,0.948051948051948,1.0,1.0,5.17755651473999,0.08695652173913043,0.2608695652173913,0.34782608695652173,0.016600790513833993,0.016600790513833993,0.009178743961352657,0.08695652173913043
67,6.601577581486352e-05,0.26696623648915974,0.974025974025974,1.0,1.0,5.1664958000183105,0.08695652173913043,0.2608695652173913,0.34782608695652173,0.016600790513833993,0.016600790513833993,0.009178743961352657,0.08695652173913043
68,6.402144696116287e-05,0.1965331532931947,0.974025974025974,1.0,1.0,5.153591156005859,0.08695652173913043,0.2608695652173913,0.30434782608695654,0.016600790513833993,0.016600790513833993,0.009178743961352657,0.08695652173913043
69,6.203506908386359e-05,0.23506035704117317,0.974025974025974,1.0,1.0,5.14351749420166,0.08695652173913043,0.2608695652173913,0.34782608695652173,0.016600790513833993,0.016600790513833993,0.009178743961352657,0.08695652173913043
70,6.005807425148548e-05,0.27534702845982145,0.961038961038961,1.0,1.0,5.15773868560791,0.08695652173913043,0.2608695652173913,0.34782608695652173,0.016600790513833993,0.016600790513833993,0.009178743961352657,0.08695652173913043
71,5.809188776789234e-05,0.2330144430909838,0.948051948051948,1.0,1.0,5.19333553314209,0.08695652173913043,0.2608695652173913,0.30434782608695654,0.016600790513833993,0.016600790513833993,0.009178743961352657,0.08695652173913043
72,5.6137927144726574e-05,0.23775898520048563,0.948051948051948,1.0,1.0,5.226062297821045,0.08695652173913043,0.2608695652173913,0.30434782608695654,0.01594202898550725,0.01594202898550725,0.00878348704435661,0.08695652173913043
73,5.4197601079461876e-05,0.28137915591140844,0.948051948051948,1.0,1.0,5.247342109680176,0.08695652173913043,0.2608695652173913,0.34782608695652173,0.01594202898550725,0.01594202898550725,0.00878348704435661,0.08695652173913043
74,5.22723084398102e-05,0.27428203511547733,0.922077922077922,1.0,1.0,5.251730442047119,0.08695652173913043,0.2608695652173913,0.34782608695652173,0.01594202898550725,0.01594202898550725,0.00878348704435661,0.08695652173913043
75,5.0363437255215636e-05,0.2497785509406746,0.935064935064935,1.0,1.0,5.2474470138549805,0.08695652173913043,0.21739130434782608,0.34782608695652173,0.01594202898550725,0.01594202898550725,0.00878348704435661,0.08695652173913043
76,4.847236371616197e-05,0.21765622303083346,0.961038961038961,1.0,1.0,5.247968673706055,0.08695652173913043,0.2608695652173913,0.34782608695652173,0.01594202898550725,0.01594202898550725,0.00878348704435661,0.08695652173913043
77,4.660045118201549e-05,0.20901504158973694,0.948051948051948,0.987012987012987,1.0,5.277920722961426,0.08695652173913043,0.2608695652173913,0.34782608695652173,0.01594202898550725,0.01594202898550725,0.00878348704435661,0.08695652173913043
78,4.474904919811834e-05,0.23432099915944138,0.961038961038961,1.0,1.0,5.3137102127075195,0.08695652173913043,0.2608695652173913,0.34782608695652173,0.01594202898550725,0.01594202898550725,0.00878348704435661,0.08695652173913043
79,4.2919492522841115e-05,0.1960415540190486,0.961038961038961,1.0,1.0,5.324793338775635,0.08695652173913043,0.2608695652173913,0.34782608695652173,0.01756697408871322,0.01756697408871322,0.009782608695652175,0.08695652173913043
80,4.1113100165295706e-05,0.14109514808499968,0.974025974025974,1.0,1.0,5.328952789306641,0.08695652173913043,0.2608695652173913,0.34782608695652173,0.01756697408871322,0.01756697408871322,0.009782608695652175,0.08695652173913043
81,3.933117443440298e-05,0.16588523151812615,0.987012987012987,1.0,1.0,5.331943511962891,0.08695652173913043,0.2608695652173913,0.34782608695652173,0.016600790513833993,0.016600790513833993,0.009178743961352657,0.08695652173913043
82,3.757500000000002e-05,0.18599557334726508,0.961038961038961,1.0,1.0,5.346314907073975,0.08695652173913043,0.2608695652173913,0.34782608695652173,0.01594202898550725,0.01594202898550725,0.00878348704435661,0.08695652173913043
83,3.584584296666417e-05,0.14809452403675427,1.0,1.0,1.0,5.364772796630859,0.08695652173913043,0.2608695652173913,0.34782608695652173,0.01594202898550725,0.01594202898550725,0.00878348704435661,0.08695652173913043
84,3.414494996092187e-05,0.13750239839027453,0.974025974025974,1.0,1.0,5.3798298835754395,0.08695652173913043,0.2608695652173913,0.34782608695652173,0.01594202898550725,0.01594202898550725,0.00878348704435661,0.08695652173913043
85,3.247354723249988e-05,0.18654726465027055,0.961038961038961,1.0,1.0,5.386505126953125,0.08695652173913043,0.2608695652173913,0.34782608695652173,0.01594202898550725,0.01594202898550725,0.00878348704435661,0.08695652173913043
86,3.083283977026696e-05,0.18685920420405153,0.961038961038961,1.0,1.0,5.38891077041626,0.08695652173913043,0.2608695652173913,0.2608695652173913,0.01594202898550725,0.01594202898550725,0.00878348704435661,0.08695652173913043
87,2.9224010433503677e-05,0.20338605895831988,0.948051948051948,1.0,1.0,5.38890266418457,0.08695652173913043,0.2608695652173913,0.2608695652173913,0.01594202898550725,0.01594202898550725,0.00878348704435661,0.08695652173913043
88,2.764821909912648e-05,0.13688174161044034,0.987012987012987,1.0,1.0,5.395016670227051,0.08695652173913043,0.2608695652173913,0.2608695652173913,0.01594202898550725,0.01594202898550725,0.00878348704435661,0.08695652173913043
89,2.610660182548029e-05,0.16670454903082413,0.974025974025974,1.0,1.0,5.396401882171631,0.08695652173913043,0.2608695652173913,0.2608695652173913,0.016908212560386472,0.016908212560386472,0.009387351778656126,0.08695652173913043
90,2.4600270033303628e-05,0.13268502888741432,0.987012987012987,1.0,1.0,5.399402141571045,0.08695652173913043,0.2608695652173913,0.2608695652173913,0.016908212560386472,0.016908212560386472,0.009387351778656126,0.08695652173913043
91,2.3130309704455553e-05,0.1625304024714928,0.974025974025974,1.0,1.0,5.401060581207275,0.08695652173913043,0.21739130434782608,0.2608695652173913,0.016908212560386472,0.016908212560386472,0.009387351778656126,0.08695652173913043
92,2.1697780598982936e-05,0.22742779320710665,0.961038961038961,1.0,1.0,5.405788421630859,0.08695652173913043,0.21739130434782608,0.2608695652173913,0.01756697408871322,0.01756697408871322,0.009782608695652175,0.08695652173913043
93,2.0303715491092157e-05,0.18453528678842954,0.961038961038961,1.0,1.0,5.407599449157715,0.08695652173913043,0.2608695652173913,0.30434782608695654,0.01756697408871322,0.01756697408871322,0.009782608695652175,0.08695652173913043
94,1.8949119424575966e-05,0.14827104048295456,0.974025974025974,1.0,1.0,5.41736364364624,0.08695652173913043,0.2608695652173913,0.30434782608695654,0.01756697408871322,0.01756697408871322,0.009782608695652175,0.08695652173913043
95,1.7634968988232607e-05,0.1266681125218218,0.974025974025974,1.0,1.0,5.423391819000244,0.08695652173913043,0.2608695652173913,0.30434782608695654,0.01756697408871322,0.01756697408871322,0.009782608695652175,0.08695652173913043
96,1.6362211611799217e-05,0.14319729495358158,0.987012987012987,1.0,1.0,5.4366374015808105,0.08695652173913043,0.2608695652173913,0.30434782608695654,0.01756697408871322,0.01756697408871322,0.009782608695652175,0.08695652173913043
97,1.5131764882907604e-05,0.19121809013478167,0.948051948051948,1.0,1.0,5.446750640869141,0.08695652173913043,0.2608695652173913,0.34782608695652173,0.01756697408871322,0.01756697408871322,0.009782608695652175,0.08695652173913043
98,1.3944515885554159e-05,0.14032725622127581,0.961038961038961,1.0,1.0,5.460644245147705,0.08695652173913043,0.2608695652173913,0.34782608695652173,0.01756697408871322,0.01756697408871322,0.009782608695652175,0.08695652173913043
99,1.280132056056152e-05,0.12927464028070498,0.974025974025974,1.0,1.0,5.467161655426025,0.08695652173913043,0.2608695652173913,0.34782608695652173,0.01756697408871322,0.01756697408871322,0.009782608695652175,0.08695652173913043
100,1.1703003088492596e-05,0.13041741517070052,0.987012987012987,1.0,1.0,5.468541622161865,0.08695652173913043,0.2608695652173913,0.34782608695652173,0.01756697408871322,0.01756697408871322,0.009782608695652175,0.08695652173913043
101,1.065035529546185e-05,0.16498104937664873,0.974025974025974,1.0,1.0,5.471038818359375,0.08695652173913043,0.2608695652173913,0.34782608695652173,0.01756697408871322,0.01756697408871322,0.009782608695652175,0.08695652173913043
102,9.644136082272725e-06,0.10193522593804769,0.987012987012987,1.0,1.0,5.468677043914795,0.08695652173913043,0.2608695652173913,0.34782608695652173,0.016908212560386472,0.016908212560386472,0.009387351778656126,0.08695652173913043
103,8.68507087729191e-06,0.148932470516725,0.961038961038961,1.0,1.0,5.46378755569458,0.08695652173913043,0.2608695652173913,0.34782608695652173,0.016908212560386472,0.016908212560386472,0.009387351778656126,0.08695652173913043
104,7.773851113455899e-06,0.1636097901440286,0.974025974025974,1.0,1.0,5.462070465087891,0.08695652173913043,0.2608695652173913,0.34782608695652173,0.01756697408871322,0.01756697408871322,0.009782608695652175,0.08695652173913043
105,6.9111337297858675e-06,0.1480161984051977,0.974025974025974,1.0,1.0,5.463486194610596,0.08695652173913043,0.2608695652173913,0.34782608695652173,0.01756697408871322,0.01756697408871322,0.009782608695652175,0.08695652173913043
106,6.097540697771124e-06,0.17300749328229334,0.948051948051948,1.0,1.0,5.469430446624756,0.08695652173913043,0.2608695652173913,0.34782608695652173,0.01756697408871322,0.01756697408871322,0.009782608695652175,0.08695652173913043
107,5.333658572962101e-06,0.10105276727057122,1.0,1.0,1.0,5.474077224731445,0.08695652173913043,0.2608695652173913,0.34782608695652173,0.016908212560386472,0.016908212560386472,0.009387351778656126,0.08695652173913043
108,4.6200380720961635e-06,0.11505221101370725,0.961038961038961,1.0,1.0,5.478226184844971,0.08695652173913043,0.2608695652173913,0.34782608695652173,0.016908212560386472,0.016908212560386472,0.009387351778656126,0.08695652173913043
109,3.957193676061447e-06,0.1085944605338109,1.0,1.0,1.0,5.482232093811035,0.08695652173913043,0.2608695652173913,0.34782608695652173,0.016908212560386472,0.016908212560386472,0.009387351778656126,0.08695652173913043
110,3.3456032589844873e-06,0.13056668290844212,0.974025974025974,1.0,1.0,5.483585357666016,0.08695652173913043,0.2608695652173913,0.34782608695652173,0.016908212560386472,0.016908212560386472,0.009387351778656126,0.08695652173913043
111,2.785707743709505e-06,0.1706433982237593,0.961038961038961,1.0,1.0,5.482741832733154,0.08695652173913043,0.2608695652173913,0.34782608695652173,0.016908212560386472,0.016908212560386472,0.009387351778656126,0.08695652173913043
112,2.27791078391741e-06,0.15238402725814224,0.961038961038961,1.0,1.0,5.4822282791137695,0.08695652173913043,0.2608695652173913,0.34782608695652173,0.016908212560386472,0.016908212560386472,0.009387351778656126,0.08695652173913043
113,1.8225784731138153e-06,0.13780544253138752,0.987012987012987,1.0,1.0,5.48120641708374,0.08695652173913043,0.2608695652173913,0.34782608695652173,0.016908212560386472,0.016908212560386472,0.009387351778656126,0.08695652173913043
114,1.420039080695926e-06,0.15594080903313376,0.961038961038961,1.0,1.0,5.48077917098999,0.08695652173913043,0.2608695652173913,0.34782608695652173,0.016908212560386472,0.016908212560386472,0.009387351778656126,0.08695652173913043
115,1.0705828152884325e-06,0.14069383891371937,0.974025974025974,1.0,1.0,5.479165554046631,0.08695652173913043,0.2608695652173913,0.34782608695652173,0.016908212560386472,0.016908212560386472,0.009387351778656126,0.08695652173913043
116,7.744616155191604e-07,0.15912974983840794,0.974025974025974,1.0,1.0,5.479165554046631,0.08695652173913043,0.2608695652173913,0.34782608695652173,0.016908212560386472,0.016908212560386472,0.009387351778656126,0.08695652173913043
117,5.318889683852803e-07,0.12228485206504922,0.974025974025974,1.0,1.0,5.47916316986084,0.08695652173913043,0.2608695652173913,0.34782608695652173,0.016908212560386472,0.016908212560386472,0.009387351778656126,0.08695652173913043
118,3.430397553409659e-07,0.1808225458318537,0.961038961038961,1.0,1.0,5.479250907897949,0.08695652173913043,0.2608695652173913,0.34782608695652173,0.016908212560386472,0.016908212560386472,0.009387351778656126,0.08695652173913043
119,2.0805012621757502e-07,0.13229687163582096,0.987012987012987,1.0,1.0,5.478823661804199,0.08695652173913043,0.2608695652173913,0.34782608695652173,0.016908212560386472,0.016908212560386472,0.009387351778656126,0.08695652173913043
120,1.2701740106714116e-07,0.15340730780130857,0.961038961038961,1.0,1.0,5.479249477386475,0.08695652173913043,0.2608695652173913,0.34782608695652173,0.016908212560386472,0.016908212560386472,0.009387351778656126,0.08695652173913043
